[
  {
    "id": "159bece0-5fb1-4b64-9051-758459d80316",
    "data": [
      {
        "text": "show details about gdg Ahmedabad",
        "userDefined": false
      }
    ],
    "isTemplate": false,
    "count": 0,
    "updated": 1538834653
  },
  {
    "id": "82b70aa9-297b-41cc-9611-b8d98d52c133",
    "data": [
      {
        "text": "GDG ahmedabad",
        "userDefined": false
      }
    ],
    "isTemplate": false,
    "count": 0,
    "updated": 1538834653
  },
  {
    "id": "f938f3f9-f438-4e13-a78c-affb8826df04",
    "data": [
      {
        "text": "what is gdg ahmedabad?",
        "userDefined": false
      }
    ],
    "isTemplate": false,
    "count": 0,
    "updated": 1538834653
  },
  {
    "id": "e30fdf2f-4eca-44fb-8f95-58ddd5abd459",
    "data": [
      {
        "text": "About GDG Ahmedabad",
        "userDefined": false
      }
    ],
    "isTemplate": false,
    "count": 0,
    "updated": 1538476087
  },
  {
    "id": "6116a3dd-22d1-4106-9feb-2f2c0325e98c",
    "data": [
      {
        "text": "tell me about gdg ahmedabad",
        "userDefined": false
      }
    ],
    "isTemplate": false,
    "count": 0,
    "updated": 1538834653
  }
]