[
  {
    "id": "d4956cf6-2d47-4181-8617-59ba1e471410",
    "data": [
      {
        "text": "GDG ahm developer festival dates",
        "userDefined": false
      }
    ],
    "isTemplate": false,
    "count": 0,
    "updated": 1541145171
  },
  {
    "id": "2c31ac38-01b4-4188-a66d-1f9c13cec6d0",
    "data": [
      {
        "text": "GDG ahm devfest dates",
        "userDefined": false
      }
    ],
    "isTemplate": false,
    "count": 0,
    "updated": 1541145171
  },
  {
    "id": "59c8922b-fa1f-4c99-83c2-9e49e9c56851",
    "data": [
      {
        "text": "Event date of GDG ahm devfest ",
        "userDefined": false
      },
      {
        "text": "2018",
        "alias": "number",
        "meta": "@sys.number",
        "userDefined": false
      }
    ],
    "isTemplate": false,
    "count": 0,
    "updated": 1541145171
  },
  {
    "id": "a39d4cd0-51cd-4e8e-99ca-bfc0bc1731f8",
    "data": [
      {
        "text": "What are the dates for the GDG Ahmedabad Devfest ",
        "userDefined": false
      },
      {
        "text": "2018",
        "alias": "date-period",
        "meta": "@sys.date-period",
        "userDefined": false
      },
      {
        "text": "?",
        "userDefined": false
      }
    ],
    "isTemplate": false,
    "count": 0,
    "updated": 1541145171
  },
  {
    "id": "650e98f3-37f4-475c-b950-239d37c0ab08",
    "data": [
      {
        "text": "When is GDG Ahmedabad Devfest ",
        "userDefined": false
      },
      {
        "text": "2018",
        "alias": "number",
        "meta": "@sys.number",
        "userDefined": false
      },
      {
        "text": "?",
        "userDefined": false
      }
    ],
    "isTemplate": false,
    "count": 0,
    "updated": 1541145171
  },
  {
    "id": "68ff1ee3-8296-44ae-99ef-3c91a905f7f6",
    "data": [
      {
        "text": "When is this event?",
        "userDefined": false
      }
    ],
    "isTemplate": false,
    "count": 0,
    "updated": 1541145171
  }
]