[
  {
    "id": "330b05a8-a2bc-48ea-8d87-c446165df361",
    "data": [
      {
        "text": "who will host GDG ahmedabad devfest?",
        "userDefined": false
      }
    ],
    "isTemplate": false,
    "count": 0,
    "updated": 1541308375
  },
  {
    "id": "b0cc76d3-3f6c-469d-baa3-02fda0621c4f",
    "data": [
      {
        "text": "who will host this event?",
        "userDefined": false
      }
    ],
    "isTemplate": false,
    "count": 0,
    "updated": 1541308375
  },
  {
    "id": "2afd12a1-5560-4de3-83d8-e4368c2b89de",
    "data": [
      {
        "text": "show me the details of ",
        "userDefined": false
      },
      {
        "text": "this year\u0027s",
        "alias": "date-period",
        "meta": "@sys.date-period",
        "userDefined": false
      },
      {
        "text": " organizers of GDG Ahmedabad Devfest",
        "userDefined": false
      }
    ],
    "isTemplate": false,
    "count": 0,
    "updated": 1541308375
  },
  {
    "id": "88ffbea3-f699-45fa-b8a8-30b213292095",
    "data": [
      {
        "text": "who will organize ",
        "userDefined": false
      },
      {
        "text": "this year\u0027s",
        "alias": "date-period",
        "meta": "@sys.date-period",
        "userDefined": false
      },
      {
        "text": " GDG ahmedabad devfest?",
        "userDefined": false
      }
    ],
    "isTemplate": false,
    "count": 0,
    "updated": 1541308375
  },
  {
    "id": "6c137950-7617-4f92-bfe3-5c915efacaf2",
    "data": [
      {
        "text": "organizer of devfest",
        "userDefined": false
      }
    ],
    "isTemplate": false,
    "count": 0,
    "updated": 1541308375
  },
  {
    "id": "c961760f-a6d5-44f9-bcb5-a7582acd17c7",
    "data": [
      {
        "text": "who organises devfest ?",
        "userDefined": false
      }
    ],
    "isTemplate": false,
    "count": 0,
    "updated": 1541308375
  }
]