[
  {
    "id": "a80234dc-fe03-41bf-ac9d-351ab220785e",
    "data": [
      {
        "text": "enable talks notification",
        "userDefined": false
      }
    ],
    "isTemplate": false,
    "count": 0,
    "updated": 1541541116
  },
  {
    "id": "eab903b5-59fb-4ae9-b4d0-bae05d775af6",
    "data": [
      {
        "text": "notify about talks",
        "userDefined": false
      }
    ],
    "isTemplate": false,
    "count": 0,
    "updated": 1541541116
  },
  {
    "id": "40c24e52-ff97-45b3-98ee-47735cdc338a",
    "data": [
      {
        "text": "allow talks notification",
        "userDefined": false
      }
    ],
    "isTemplate": false,
    "count": 0,
    "updated": 1541541116
  },
  {
    "id": "5d9f889f-4865-476e-ae8d-ca9473cfd008",
    "data": [
      {
        "text": "send notifications about talks",
        "userDefined": false
      }
    ],
    "isTemplate": false,
    "count": 0,
    "updated": 1541540407
  },
  {
    "id": "5b60d904-8e04-4d59-b0e4-292820a1720b",
    "data": [
      {
        "text": "notify about next event",
        "userDefined": false
      }
    ],
    "isTemplate": false,
    "count": 0,
    "updated": 1541540407
  },
  {
    "id": "661a719e-12d3-4c8c-bb82-78383f7b14bf",
    "data": [
      {
        "text": "notify about next talk",
        "userDefined": false
      }
    ],
    "isTemplate": false,
    "count": 0,
    "updated": 1541540407
  },
  {
    "id": "e792f35c-47e1-4544-bf92-0baaf6525627",
    "data": [
      {
        "text": "send me event updates",
        "userDefined": false
      }
    ],
    "isTemplate": false,
    "count": 0,
    "updated": 1541540407
  },
  {
    "id": "2fa4608a-97f0-4ba1-ac37-e6062b07bb63",
    "data": [
      {
        "text": "send me talk updates",
        "userDefined": false
      }
    ],
    "isTemplate": false,
    "count": 0,
    "updated": 1541540407
  },
  {
    "id": "d7e07343-78e2-4d34-8ce6-fede5216a81e",
    "data": [
      {
        "text": "send me daily updates",
        "userDefined": false
      }
    ],
    "isTemplate": false,
    "count": 0,
    "updated": 1541540407
  }
]