[
  {
    "id": "5ce10b3a-b9cf-4023-826f-e3e114038161",
    "data": [
      {
        "text": "search for talks",
        "userDefined": false
      }
    ],
    "isTemplate": false,
    "count": 0,
    "updated": 1542651913
  },
  {
    "id": "a97217a4-090f-4a02-adda-dacf3c7bdeb8",
    "data": [
      {
        "text": "what sessions are there in ",
        "userDefined": false
      },
      {
        "text": "mobile track",
        "meta": "@sys.ignore",
        "userDefined": false
      }
    ],
    "isTemplate": false,
    "count": 0,
    "updated": 1542651913
  },
  {
    "id": "ab4a0ba4-4fcc-42d6-a254-abe59102e762",
    "data": [
      {
        "text": "what sessions are there in ",
        "userDefined": false
      },
      {
        "text": "web track",
        "meta": "@sys.ignore",
        "userDefined": false
      }
    ],
    "isTemplate": false,
    "count": 0,
    "updated": 1542651913
  },
  {
    "id": "87bb23a6-6314-485d-b7da-2beb88607f31",
    "data": [
      {
        "text": "show ",
        "userDefined": false
      },
      {
        "text": "web",
        "meta": "@sys.ignore",
        "userDefined": false
      },
      {
        "text": " sessions",
        "userDefined": false
      }
    ],
    "isTemplate": false,
    "count": 0,
    "updated": 1542651913
  },
  {
    "id": "c533b25d-5c34-45cd-9176-e7322dfe5e5d",
    "data": [
      {
        "text": "show ",
        "userDefined": false
      },
      {
        "text": "android",
        "meta": "@sys.ignore",
        "userDefined": false
      },
      {
        "text": " sessions",
        "userDefined": false
      }
    ],
    "isTemplate": false,
    "count": 0,
    "updated": 1542651913
  },
  {
    "id": "3581d5d2-3ebc-4d6a-93d6-ed951e9c9ba0",
    "data": [
      {
        "text": "show sessions for ",
        "userDefined": false
      },
      {
        "text": "android",
        "meta": "@sys.ignore",
        "userDefined": false
      },
      {
        "text": " track",
        "userDefined": false
      }
    ],
    "isTemplate": false,
    "count": 0,
    "updated": 1542651913
  },
  {
    "id": "7e510f16-0647-4dcb-95e9-0426e10c9180",
    "data": [
      {
        "text": "show session for ",
        "userDefined": false
      },
      {
        "text": "web track",
        "meta": "@sys.ignore",
        "userDefined": false
      }
    ],
    "isTemplate": false,
    "count": 0,
    "updated": 1542651913
  },
  {
    "id": "3174cbc2-2843-487d-a00d-1e3c3207562f",
    "data": [
      {
        "text": "browse talks",
        "userDefined": false
      }
    ],
    "isTemplate": false,
    "count": 0,
    "updated": 1541276996
  },
  {
    "id": "71c3b43e-7863-4a2c-9a6c-1090e811140b",
    "data": [
      {
        "text": "browse session",
        "userDefined": false
      }
    ],
    "isTemplate": false,
    "count": 0,
    "updated": 1541276996
  }
]