[
  {
    "id": "3aa688fe-08c7-441f-838f-36147eba9c7f",
    "data": [
      {
        "text": "swag ",
        "userDefined": false
      },
      {
        "text": "this year",
        "alias": "date-period",
        "meta": "@sys.date-period",
        "userDefined": false
      }
    ],
    "isTemplate": false,
    "count": 0,
    "updated": 1541308399
  },
  {
    "id": "8f3e6446-5908-4b61-9d58-4788ec8b6898",
    "data": [
      {
        "text": "swag?",
        "userDefined": false
      }
    ],
    "isTemplate": false,
    "count": 0,
    "updated": 1541181482
  },
  {
    "id": "5918023e-8c03-421c-8d7f-60b46056db07",
    "data": [
      {
        "text": "shcwag?",
        "userDefined": false
      }
    ],
    "isTemplate": false,
    "count": 0,
    "updated": 1541181482
  },
  {
    "id": "229f06e5-7836-4aa0-b541-c9bfd1433ec2",
    "data": [
      {
        "text": "will there be any swag?",
        "userDefined": false
      }
    ],
    "isTemplate": false,
    "count": 0,
    "updated": 1541181482
  },
  {
    "id": "c07e48d1-c689-4a81-91cc-e13d48c646bc",
    "data": [
      {
        "text": "are there any schwag ",
        "userDefined": false
      },
      {
        "text": "this year",
        "alias": "date-period",
        "meta": "@sys.date-period",
        "userDefined": false
      },
      {
        "text": "?",
        "userDefined": false
      }
    ],
    "isTemplate": false,
    "count": 0,
    "updated": 1541181482
  },
  {
    "id": "c91a81bd-b815-412f-8d76-d989e83cccfb",
    "data": [
      {
        "text": "schwag ",
        "userDefined": false
      },
      {
        "text": "this year",
        "alias": "date-period",
        "meta": "@sys.date-period",
        "userDefined": false
      },
      {
        "text": "?",
        "userDefined": false
      }
    ],
    "isTemplate": false,
    "count": 0,
    "updated": 1541181482
  },
  {
    "id": "e65991b1-2779-4e9a-b1c3-343e3fd37a84",
    "data": [
      {
        "text": "What are the swags ",
        "userDefined": false
      },
      {
        "text": "this year",
        "alias": "date-period",
        "meta": "@sys.date-period",
        "userDefined": false
      },
      {
        "text": "?",
        "userDefined": false
      }
    ],
    "isTemplate": false,
    "count": 0,
    "updated": 1541181482
  }
]