[
  {
    "id": "37b11866-ae32-4013-83a3-f2ed88c451f6",
    "data": [
      {
        "text": "venue",
        "userDefined": false
      }
    ],
    "isTemplate": false,
    "count": 0,
    "updated": 1541277688
  },
  {
    "id": "5660760f-6d2c-4070-8d1b-8bb51ae59556",
    "data": [
      {
        "text": "show me the location of the place where the devfest is hosted",
        "userDefined": false
      }
    ],
    "isTemplate": false,
    "count": 0,
    "updated": 1541275993
  },
  {
    "id": "dddc027b-a10b-4131-a64c-59b87f5dbeee",
    "data": [
      {
        "text": "venue for the devfest please",
        "userDefined": false
      }
    ],
    "isTemplate": false,
    "count": 0,
    "updated": 1541275993
  },
  {
    "id": "0a531ca3-e0fa-4986-8193-42a0a72129eb",
    "data": [
      {
        "text": "what is the venure for the GDG ahmedabad devfest?",
        "userDefined": false
      }
    ],
    "isTemplate": false,
    "count": 0,
    "updated": 1541275993
  },
  {
    "id": "911626d1-2e06-499f-86b2-11b6b8816a50",
    "data": [
      {
        "text": "venure for the devfest",
        "userDefined": false
      }
    ],
    "isTemplate": false,
    "count": 0,
    "updated": 1541275993
  },
  {
    "id": "96c6dca8-34ab-474e-b43d-d86c68c285fe",
    "data": [
      {
        "text": "this year",
        "alias": "date-period",
        "meta": "@sys.date-period",
        "userDefined": false
      },
      {
        "text": " where is GDG Ahmedabad\u0027s devfest?",
        "userDefined": false
      }
    ],
    "isTemplate": false,
    "count": 0,
    "updated": 1541275993
  },
  {
    "id": "dae71890-fec2-479b-9c26-56ea65accad8",
    "data": [
      {
        "text": "Where is ",
        "userDefined": false
      },
      {
        "text": "this year",
        "alias": "date-period",
        "meta": "@sys.date-period",
        "userDefined": false
      },
      {
        "text": " GDG ahmedabad\u0027s devfest hosted?",
        "userDefined": false
      }
    ],
    "isTemplate": false,
    "count": 0,
    "updated": 1541275993
  }
]