[
  {
    "id": "c8144bd5-b31e-4bfc-bae7-4243b146ad38",
    "data": [
      {
        "text": "what is WTM?",
        "userDefined": false
      }
    ],
    "isTemplate": false,
    "count": 0,
    "updated": 1538835007
  },
  {
    "id": "357d29ee-7bbc-42cd-9d16-fd1559603794",
    "data": [
      {
        "text": "Tell me about WTM Ahmedabad",
        "userDefined": false
      }
    ],
    "isTemplate": false,
    "count": 0,
    "updated": 1538835007
  },
  {
    "id": "b82ba2d1-08c0-41d3-8b83-748d80752812",
    "data": [
      {
        "text": "Tell me about WTM",
        "userDefined": false
      }
    ],
    "isTemplate": false,
    "count": 0,
    "updated": 1538835007
  },
  {
    "id": "ce0493e2-bb00-490f-b5e4-7189d40012ed",
    "data": [
      {
        "text": "Women Tech Makers",
        "userDefined": false
      }
    ],
    "isTemplate": false,
    "count": 0,
    "updated": 1538762520
  },
  {
    "id": "2156583a-534d-450c-8159-7840afaef249",
    "data": [
      {
        "text": "what is women tech makers?",
        "userDefined": false
      }
    ],
    "isTemplate": false,
    "count": 0,
    "updated": 1538835007
  },
  {
    "id": "09951617-5477-454b-b551-e9540a150662",
    "data": [
      {
        "text": "tell me about women tech makers organisation",
        "userDefined": false
      }
    ],
    "isTemplate": false,
    "count": 0,
    "updated": 1538835007
  },
  {
    "id": "1349928a-56a5-40b4-a1c4-35adbe45e295",
    "data": [
      {
        "text": "wtm",
        "userDefined": false
      }
    ],
    "isTemplate": false,
    "count": 1,
    "updated": 1538762520
  }
]