[
  {
    "value": "Paresh Mayani",
    "synonyms": [
      "Paresh Mayani",
      "Paresh Sir",
      "Mayani sir",
      "Paresh mayani sir"
    ]
  },
  {
    "value": "Pratik Patel",
    "synonyms": [
      "Pratik Patel",
      "Patel Sir",
      "Pratik sir",
      "Pratik Patel sir"
    ]
  },
  {
    "value": "Chintan Rathod",
    "synonyms": [
      "Chintan Rathod",
      "Chintan Sir",
      "Rathod sir",
      "Chintan Rathod sir"
    ]
  },
  {
    "value": "Dhruva Shastri",
    "synonyms": [
      "Dhruva Shastri",
      "Dhruva mam",
      "Dhruva madam",
      "shastri madam",
      "Dhruva Shastri madam"
    ]
  },
  {
    "value": "Dhrumil Shah",
    "synonyms": [
      "Dhrumil Shah",
      "Dhrumil Sir",
      "Shah Sir",
      "Dhrumil shah sir"
    ]
  },
  {
    "value": "Jaldeep Asodariya",
    "synonyms": [
      "Jaldeep Asodariya",
      "Jaldeep sir",
      "Asodariya sir",
      "Jaldeep Asodariya sir"
    ]
  },
  {
    "value": "Utpal Betai",
    "synonyms": [
      "Utpal Betai",
      "Utpal sir",
      "Betai sir",
      "Uptal betai sir"
    ]
  }
]